Workbook

Sheet Dashboard
B2: Mesa de Ayuda: tablero de indicadores
B3: Los datos vienen de la hoja Datos. Al reemplazarlos, todo el tablero se recalcula solo.
C5: Total tickets | D5: Cerrados | E5: Pendientes | F5: % SLA cumplido | G5: Horas promedio de solución | H5: % escalados a nivel 2
C6: =COUNTA(Datos!$A$2:$A$5000) -> 300 | D6: =COUNTIF(Datos!$F$2:$F$5000,"cerrado") -> 272 | E6: =C6-D6 -> 28 | F6: =IFERROR(COUNTIFS(Datos!$F$2:$F$5000,"cerrado",Datos!$L$2:$L$5000,"si")/D6,0) -> 0.68382353 | G6: =IFERROR(AVERAGEIFS(Datos!$J$2:$J$5000,Datos!$F$2:$F$5000,"cerrado"),0) -> 24.424632 | H6: =IFERROR(COUNTIF(Datos!$G$2:$G$5000,2)/C6,0) -> 0.17
B9: Tickets por estado | E9: Tickets por categoría
B10: Estado | C10: Tickets | E10: Categoría | F10: Tickets
B11: abierto | C11: =COUNTIF(Datos!$F$2:$F$5000,B11) -> 8 | E11: acceso | F11: =COUNTIF(Datos!$D$2:$D$5000,E11) -> 46
B12: en_proceso | C12: =COUNTIF(Datos!$F$2:$F$5000,B12) -> 14 | E12: error | F12: =COUNTIF(Datos!$D$2:$D$5000,E12) -> 60
B13: escalado | C13: =COUNTIF(Datos!$F$2:$F$5000,B13) -> 6 | E13: datos | F13: =COUNTIF(Datos!$D$2:$D$5000,E13) -> 56
B14: cerrado | C14: =COUNTIF(Datos!$F$2:$F$5000,B14) -> 272 | E14: rendimiento | F14: =COUNTIF(Datos!$D$2:$D$5000,E14) -> 65
E15: consulta | F15: =COUNTIF(Datos!$D$2:$D$5000,E15) -> 73
B18: Cumplimiento de SLA por prioridad (solo cerrados)
B19: Prioridad | C19: SLA (horas) | D19: Cerrados | E19: Horas promedio | F19: % SLA cumplido
B20: alta | C20: 4 | D20: =COUNTIFS(Datos!$E$2:$E$5000,B20,Datos!$F$2:$F$5000,"cerrado") -> 56 | E20: =IFERROR(AVERAGEIFS(Datos!$J$2:$J$5000,Datos!$E$2:$E$5000,B20,Datos!$F$2:$F$5000,"cerrado"),0) -> 3.2357143 | F20: =IFERROR(COUNTIFS(Datos!$E$2:$E$5000,B20,Datos!$F$2:$F$5000,"cerrado",Datos!$L$2:$L$5000,"si")/D20,0) -> 0.66071429
B21: media | C21: 24 | D21: =COUNTIFS(Datos!$E$2:$E$5000,B21,Datos!$F$2:$F$5000,"cerrado") -> 136 | E21: =IFERROR(AVERAGEIFS(Datos!$J$2:$J$5000,Datos!$E$2:$E$5000,B21,Datos!$F$2:$F$5000,"cerrado"),0) -> 19.009559 | F21: =IFERROR(COUNTIFS(Datos!$E$2:$E$5000,B21,Datos!$F$2:$F$5000,"cerrado",Datos!$L$2:$L$5000,"si")/D21,0) -> 0.67647059
B22: baja | C22: 72 | D22: =COUNTIFS(Datos!$E$2:$E$5000,B22,Datos!$F$2:$F$5000,"cerrado") -> 80 | E22: =IFERROR(AVERAGEIFS(Datos!$J$2:$J$5000,Datos!$E$2:$E$5000,B22,Datos!$F$2:$F$5000,"cerrado"),0) -> 48.4625 | F22: =IFERROR(COUNTIFS(Datos!$E$2:$E$5000,B22,Datos!$F$2:$F$5000,"cerrado",Datos!$L$2:$L$5000,"si")/D22,0) -> 0.7125
B23: SLA (horas) en azul: supuesto del proyecto (alta 4, media 24, baja 72).
B25: Problemas más repetidos (para la base de conocimiento)
B26: Problema | C26: Veces | D26: Categoría
B27: No puedo iniciar sesión | C27: =COUNTIF(Datos!$B$2:$B$5000,B27) -> 17 | D27: acceso
B28: Usuario bloqueado | C28: =COUNTIF(Datos!$B$2:$B$5000,B28) -> 13 | D28: acceso
B29: Olvidé mi contraseña | C29: =COUNTIF(Datos!$B$2:$B$5000,B29) -> 10 | D29: acceso
B30: Solicitud de usuario nuevo | C30: =COUNTIF(Datos!$B$2:$B$5000,B30) -> 6 | D30: acceso
B31: Error 500 al guardar | C31: =COUNTIF(Datos!$B$2:$B$5000,B31) -> 16 | D31: error
B32: El botón de enviar no responde | C32: =COUNTIF(Datos!$B$2:$B$5000,B32) -> 16 | D32: error
B33: Error al cargar archivo | C33: =COUNTIF(Datos!$B$2:$B$5000,B33) -> 28 | D33: error
B34: El reporte no cuadra | C34: =COUNTIF(Datos!$B$2:$B$5000,B34) -> 16 | D34: datos
B35: Registro duplicado | C35: =COUNTIF(Datos!$B$2:$B$5000,B35) -> 19 | D35: datos
B36: No aparece un registro ingresado | C36: =COUNTIF(Datos!$B$2:$B$5000,B36) -> 21 | D36: datos
B37: El sistema está lento | C37: =COUNTIF(Datos!$B$2:$B$5000,B37) -> 19 | D37: rendimiento
B38: La página tarda en cargar | C38: =COUNTIF(Datos!$B$2:$B$5000,B38) -> 18 | D38: rendimiento
... B42: Dónde veo mis casos | C42: =COUNTIF(Datos!$B$2:$B$5000,B42) -> 30 | D42: consulta

Sheet Datos
A1: id | B1: titulo | C1: tipo | D1: categoria | E1: prioridad | F1: estado | G1: nivel | H1: creado_en | I1: cerrado_en | J1: horas_resolucion | K1: sla_horas | L1: sla_cumplido
A2: 1 | B2: El reporte no cuadra | C2: incidente | D2: datos | E2: baja | F2: cerrado | G2: 2 | H2: 46289.562 | I2: 46292.085 | J2: 60.6 | K2: 72 | L2: si
A3: 2 | B3: Dónde veo mis casos | C3: requerimiento | D3: consulta | E3: media | F3: cerrado | G3: 2 | H3: 46214.382 | I3: 46216.165 | J3: 42.8 | K3: 24 | L3: no
A4: 3 | B4: No puedo iniciar sesión | C4: incidente | D4: acceso | E4: baja | F4: cerrado | G4: 2 | H4: 46258.444 | I4: 46258.802 | J4: 8.6 | K4: 72 | L4: si
A5: 4 | B5: No puedo iniciar sesión | C5: incidente | D5: acceso | E5: media | F5: cerrado | G5: 1 | H5: 46238.497 | I5: 46239.706 | J5: 29 | K5: 24 | L5: no
A6: 5 | B6: Error al cargar archivo | C6: incidente | D6: error | E6: media | F6: cerrado | G6: 1 | H6: 46217.312 | I6: 46217.735 | J6: 10.2 | K6: 24 | L6: si
A7: 6 | B7: No aparece un registro ingresado | C7: incidente | D7: datos | E7: media | F7: cerrado | G7: 1 | H7: 46209.469 | I7: 46210.474 | J7: 24.1 | K7: 24 | L7: no
A8: 7 | B8: Se cae al generar reportes | C8: incidente | D8: rendimiento | E8: alta | F8: cerrado | G8: 1 | H8: 46226.856 | I8: 46227.058 | J8: 4.9 | K8: 4 | L8: no
A9: 8 | B9: Error al cargar archivo | C9: incidente | D9: error | E9: baja | F9: cerrado | G9: 1 | H9: 46258.488 | I9: 46259.265 | J9: 18.7 | K9: 72 | L9: si
A10: 9 | B10: El reporte no cuadra | C10: incidente | D10: datos | E10: media | F10: cerrado | G10: 1 | H10: 46239.949 | I10: 46239.978 | J10: 0.7 | K10: 24 | L10: si
A11: 10 | B11: El reporte no cuadra | C11: incidente | D11: datos | E11: media | F11: cerrado | G11: 1 | H11: 46247.933 | I11: 46248.157 | J11: 5.4 | K11: 24 | L11: si
A12: 11 | B12: No aparece un registro ingresado | C12: incidente | D12: datos | E12: baja | F12: cerrado | G12: 1 | H12: 46218.745 | I12: 46218.826 | J12: 2 | K12: 72 | L12: si
A13: 12 | B13: El sistema está lento | C13: incidente | D13: rendimiento | E13: media | F13: cerrado | G13: 1 | H13: 46243.418 | I13: 46244.085 | J13: 16 | K13: 24 | L13: si
... A29: 28 | B29: El botón de enviar no responde | C29: incidente | D29: error | E29: media | F29: cerrado | G29: 1 | H29: 46263.675 | I29: 46264.835 | J29: 27.9 | K29: 24 | L29: no
A30: 29 | B30: Se cae al generar reportes | C30: incidente | D30: rendimiento | E30: baja | F30: abierto | G30: 1 | H30: 46286.609 | K30: 72 | L30: no
A31: 30 | B31: La página tarda en cargar | C31: incidente | D31: rendimiento | E31: baja | F31: cerrado | G31: 1 | H31: 46204.868 | I31: 46206.207 | J31: 32.1 | K31: 72 | L31: si
A32: 31 | B32: Error al cargar archivo | C32: incidente | D32: error | E32: alta | F32: cerrado | G32: 1 | H32: 46228.649 | I32: 46228.845 | J32: 4.7 | K32: 4 | L32: no
A33: 32 | B33: Olvidé mi contraseña | C33: incidente | D33: acceso | E33: media | F33: cerrado | G33: 1 | H33: 46241.523 | I33: 46242.527 | J33: 24.1 | K33: 24 | L33: no
A34: 33 | B34: El botón de enviar no responde | C34: incidente | D34: error | E34: alta | F34: cerrado | G34: 1 | H34: 46216.765 | I34: 46216.86 | J34: 2.3 | K34: 4 | L34: si
A35: 34 | B35: Olvidé mi contraseña | C35: incidente | D35: acceso | E35: media | F35: cerrado | G35: 1 | H35: 46240.387 | I35: 46241.731 | J35: 32.3 | K35: 24 | L35: no
A36: 35 | B36: Dónde veo mis casos | C36: requerimiento | D36: consulta | E36: media | F36: escalado | G36: 2 | H36: 46275.581 | K36: 24 | L36: no
A37: 36 | B37: El botón de enviar no responde | C37: incidente | D37: error | E37: baja | F37: cerrado | G37: 1 | H37: 46288.376 | I37: 46291.981 | J37: 86.5 | K37: 72 | L37: no
A38: 37 | B38: El sistema está lento | C38: incidente | D38: rendimiento | E38: baja | F38: cerrado | G38: 1 | H38: 46228.073 | I38: 46231.256 | J38: 76.4 | K38: 72 | L38: no
A39: 38 | B39: La página tarda en cargar | C39: incidente | D39: rendimiento | E39: media | F39: cerrado | G39: 1 | H39: 46289.033 | I39: 46289.732 | J39: 16.8 | K39: 24 | L39: si
A40: 39 | B40: Cómo cambiar mi correo | C40: requerimiento | D40: consulta | E40: baja | F40: cerrado | G40: 1 | H40: 46230.94 | I40: 46231.242 | J40: 7.3 | K40: 72 | L40: si
A41: 40 | B41: No puedo iniciar sesión | C41: incidente | D41: acceso | E41: alta | F41: cerrado | G41: 2 | H41: 46220.777 | I41: 46220.806 | J41: 0.7 | K41: 4 | L41: si
A42: 41 | B42: No puedo iniciar sesión | C42: incidente | D42: acceso | E42: baja | F42: en_proceso | G42: 1 | H42: 46269.111 | K42: 72 | L42: no
A43: 42 | B43: Error 500 al guardar | C43: incidente | D43: error | E43: baja | F43: cerrado | G43: 1 | H43: 46263.656 | I43: 46266.906 | J43: 78 | K43: 72 | L43: no
A44: 43 | B44: El reporte no cuadra | C44: incidente | D44: datos | E44: media | F44: cerrado | G44: 2 | H44: 46229.928 | I44: 46231.822 | J44: 45.4 | K44: 24 | L44: no
A45: 44 | B45: Solicitud de usuario nuevo | C45: requerimiento | D45: acceso | E45: baja | F45: cerrado | G45: 1 | H45: 46276.276 | I45: 46280.333 | J45: 97.4 | K45: 72 | L45: no
A46: 45 | B46: Usuario bloqueado | C46: incidente | D46: acceso | E46: media | F46: cerrado | G46: 1 | H46: 46227.442 | I46: 46227.812 | J46: 8.9 | K46: 24 | L46: si
A47: 46 | B47: No puedo iniciar sesión | C47: incidente | D47: acceso | E47: baja | F47: cerrado | G47: 1 | H47: 46271.729 | I47: 46275.219 | J47: 83.8 | K47: 72 | L47: no
A48: 47 | B48: Olvidé mi contraseña | C48: incidente | D48: acceso | E48: baja | F48: cerrado | G48: 1 | H48: 46230.503 | I48: 46231.847 | J48: 32.3 | K48: 72 | L48: si
A49: 48 | B49: El sistema está lento | C49: incidente | D49: rendimiento | E49: media | F49: cerrado | G49: 1 | H49: 46287.779 | I49: 46288.015 | J49: 5.7 | K49: 24 | L49: si
A50: 49 | B50: Registro duplicado | C50: incidente | D50: datos | E50: alta | F50: cerrado | G50: 2 | H50: 46286.127 | I50: 46286.39 | J50: 6.3 | K50: 4 | L50: no
A51: 50 | B51: Error al cargar archivo | C51: incidente | D51: error | E51: media | F51: cerrado | G51: 1 | H51: 46236.862 | I51: 46236.911 | J51: 1.2 | K51: 24 | L51: si
A52: 51 | B52: Dónde veo mis casos | C52: requerimiento | D52: consulta | E52: media | F52: cerrado | G52: 1 | H52: 46284.172 | I52: 46285.515 | J52: 32.2 | K52: 24 | L52: no
A53: 52 | B53: El botón de enviar no responde | C53: incidente | D53: error | E53: media | F53: cerrado | G53: 1 | H53: 46280.065 | I53: 46280.222 | J53: 3.8 | K53: 24 | L53: si
A54: 53 | B54: Registro duplicado | C54: incidente | D54: datos | E54: alta | F54: cerrado | G54: 2 | H54: 46257.915 | I54: 46257.984 | J54: 1.7 | K54: 4 | L54: si
... A86: 85 | B86: El botón de enviar no responde | C86: incidente | D86: error | E86: media | F86: cerrado | G86: 1 | H86: 46265.69 | I86: 46266.176 | J86: 11.7 | K86: 24 | L86: si
A87: 86 | B87: Usuario bloqueado | C87: incidente | D87: acceso | E87: baja | F87: en_proceso | G87: 1 | H87: 46292.739 | K87: 72 | L87: si
A88: 87 | B88: Registro duplicado | C88: incidente | D88: datos | E88: baja | F88: cerrado | G88: 2 | H88: 46251.297 | I88: 46257.167 | J88: 140.9 | K88: 72 | L88: no
A89: 88 | B89: Cómo cambiar mi correo | C89: requerimiento | D89: consulta | E89: media | F89: cerrado | G89: 1 | H89: 46214.438 | I89: 46215.389 | J89: 22.8 | K89: 24 | L89: si
A90: 89 | B90: Se cae al generar reportes | C90: incidente | D90: rendimiento | E90: baja | F90: en_proceso | G90: 1 | H90: 46283.039 | K90: 72 | L90: no
A91: 90 | B91: Cómo cambiar mi correo | C91: requerimiento | D91: consulta | E91: alta | F91: cerrado | G91: 1 | H91: 46222.241 | I91: 46222.298 | J91: 1.4 | K91: 4 | L91: si
A92: 91 | B92: El botón de enviar no responde | C92: incidente | D92: error | E92: media | F92: cerrado | G92: 1 | H92: 46273.056 | I92: 46274.285 | J92: 29.5 | K92: 24 | L92: no
A93: 92 | B93: El reporte no cuadra | C93: incidente | D93: datos | E93: baja | F93: cerrado | G93: 2 | H93: 46244.015 | I93: 46246.336 | J93: 55.7 | K93: 72 | L93: si
A94: 93 | B94: La página tarda en cargar | C94: incidente | D94: rendimiento | E94: media | F94: cerrado | G94: 1 | H94: 46212.503 | I94: 46213.335 | J94: 20 | K94: 24 | L94: si
A95: 94 | B95: Cómo cambiar mi correo | C95: requerimiento | D95: consulta | E95: alta | F95: cerrado | G95: 1 | H95: 46284.588 | I95: 46284.816 | J95: 5.5 | K95: 4 | L95: no
A96: 95 | B96: Registro duplicado | C96: incidente | D96: datos | E96: media | F96: en_proceso | G96: 1 | H96: 46293.051 | K96: 24 | L96: no
A97: 96 | B97: Cómo exportar a Excel | C97: requerimiento | D97: consulta | E97: baja | F97: cerrado | G97: 1 | H97: 46226.885 | I97: 46229.072 | J97: 52.5 | K97: 72 | L97: si
A98: 97 | B98: El botón de enviar no responde | C98: incidente | D98: error | E98: alta | F98: cerrado | G98: 1 | H98: 46286.364 | I98: 46286.381 | J98: 0.4 | K98: 4 | L98: si
A99: 98 | B99: Dónde veo mis casos | C99: requerimiento | D99: consulta | E99: alta | F99: cerrado | G99: 1 | H99: 46250.067 | I99: 46250.198 | J99: 3.1 | K99: 4 | L99: si
A100: 99 | B100: Cómo exportar a Excel | C100: requerimiento | D100: consulta | E100: baja | F100: cerrado | G100: 1 | H100: 46253.071 | I100: 46253.803 | J100: 17.6 | K100: 72 | L100: si
A101: 100 | B101: Registro duplicado | C101: incidente | D101: datos | E101: baja | F101: cerrado | G101: 1 | H101: 46225.356 | I101: 46225.944 | J101: 14.1 | K101: 72 | L101: si
A102: 101 | B102: Cómo cambiar mi correo | C102: requerimiento | D102: consulta | E102: baja | F102: cerrado | G102: 2 | H102: 46270.741 | I102: 46274.316 | J102: 85.8 | K102: 72 | L102: no
A103: 102 | B103: Dónde veo mis casos | C103: requerimiento | D103: consulta | E103: alta | F103: cerrado | G103: 1 | H103: 46253.381 | I103: 46253.399 | J103: 0.4 | K103: 4 | L103: si
A104: 103 | B104: El sistema está lento | C104: incidente | D104: rendimiento | E104: media | F104: cerrado | G104: 1 | H104: 46243.322 | I104: 46244.66 | J104: 32.1 | K104: 24 | L104: no
A105: 104 | B105: Cómo exportar a Excel | C105: requerimiento | D105: consulta | E105: baja | F105: cerrado | G105: 1 | H105: 46242.886 | I105: 46243.072 | J105: 4.5 | K105: 72 | L105: si
A106: 105 | B106: Solicitud de usuario nuevo | C106: requerimiento | D106: acceso | E106: media | F106: cerrado | G106: 1 | H106: 46262.958 | I106: 46264.281 | J106: 31.7 | K106: 24 | L106: no
A107: 106 | B107: Se cae al generar reportes | C107: incidente | D107: rendimiento | E107: baja | F107: cerrado | G107: 1 | H107: 46270.281 | I107: 46271.457 | J107: 28.2 | K107: 72 | L107: si
A108: 107 | B108: Error 500 al guardar | C108: incidente | D108: error | E108: media | F108: cerrado | G108: 2 | H108: 46228.726 | I108: 46229.406 | J108: 16.3 | K108: 24 | L108: si
... A117: 116 | B117: Registro duplicado | C117: incidente | D117: datos | E117: baja | F117: cerrado | G117: 1 | H117: 46265.322 | I117: 46265.763 | J117: 10.6 | K117: 72 | L117: si
A118: 117 | B118: No puedo iniciar sesión | C118: incidente | D118: acceso | E118: media | F118: en_proceso | G118: 1 | H118: 46293.299 | K118: 24 | L118: si
A119: 118 | B119: No aparece un registro ingresado | C119: incidente | D119: datos | E119: media | F119: cerrado | G119: 1 | H119: 46276.67 | I119: 46276.969 | J119: 7.2 | K119: 24 | L119: si
A120: 119 | B120: El botón de enviar no responde | C120: incidente | D120: error | E120: alta | F120: cerrado | G120: 1 | H120: 46205.897 | I120: 46206.049 | J120: 3.7 | K120: 4 | L120: si
A121: 120 | B121: Dónde veo mis casos | C121: requerimiento | D121: consulta | E121: media | F121: cerrado | G121: 1 | H121: 46254.238 | I121: 46254.849 | J121: 14.7 | K121: 24 | L121: si
A122: 121 | B122: El botón de enviar no responde | C122: incidente | D122: error | E122: alta | F122: cerrado | G122: 1 | H122: 46289.081 | I122: 46289.102 | J122: 0.5 | K122: 4 | L122: si
A123: 122 | B123: Dónde veo mis casos | C123: requerimiento | D123: consulta | E123: baja | F123: cerrado | G123: 1 | H123: 46279.447 | I123: 46280.097 | J123: 15.6 | K123: 72 | L123: si
A124: 123 | B124: Solicitud de usuario nuevo | C124: requerimiento | D124: acceso | E124: media | F124: escalado | G124: 2 | H124: 46228.095 | K124: 24 | L124: no
A125: 124 | B125: Cómo cambiar mi correo | C125: requerimiento | D125: consulta | E125: media | F125: cerrado | G125: 2 | H125: 46272.688 | I125: 46273.29 | J125: 14.5 | K125: 24 | L125: si
A126: 125 | B126: Cómo cambiar mi correo | C126: requerimiento | D126: consulta | E126: alta | F126: cerrado | G126: 2 | H126: 46208.458 | I126: 46208.776 | J126: 7.7 | K126: 4 | L126: no
A127: 126 | B127: La página tarda en cargar | C127: incidente | D127: rendimiento | E127: media | F127: cerrado | G127: 1 | H127: 46234.36 | I127: 46235.137 | J127: 18.7 | K127: 24 | L127: si
A128: 127 | B128: El reporte no cuadra | C128: incidente | D128: datos | E128: baja | F128: cerrado | G128: 1 | H128: 46281.976 | I128: 46283.008 | J128: 24.8 | K128: 72 | L128: si
A129: 128 | B129: Se cae al generar reportes | C129: incidente | D129: rendimiento | E129: media | F129: cerrado | G129: 1 | H129: 46264.749 | I129: 46265.801 | J129: 25.2 | K129: 24 | L129: no
A130: 129 | B130: Registro duplicado | C130: incidente | D130: datos | E130: media | F130: cerrado | G130: 1 | H130: 46287.58 | I130: 46287.621 | J130: 1 | K130: 24 | L130: si
A131: 130 | B131: Cómo cambiar mi correo | C131: requerimiento | D131: consulta | E131: alta | F131: cerrado | G131: 1 | H131: 46212.553 | I131: 46212.756 | J131: 4.9 | K131: 4 | L131: no
A132: 131 | B132: Se cae al generar reportes | C132: incidente | D132: rendimiento | E132: media | F132: cerrado | G132: 1 | H132: 46223.989 | I132: 46224.077 | J132: 2.1 | K132: 24 | L132: si
A133: 132 | B133: No puedo iniciar sesión | C133: incidente | D133: acceso | E133: alta | F133: cerrado | G133: 1 | H133: 46224.313 | I133: 46224.5 | J133: 4.5 | K133: 4 | L133: no
A134: 133 | B134: Dónde veo mis casos | C134: requerimiento | D134: consulta | E134: baja | F134: cerrado | G134: 1 | H134: 46277.326 | I134: 46279.915 | J134: 62.1 | K134: 72 | L134: si
A135: 134 | B135: Registro duplicado | C135: incidente | D135: datos | E135: media | F135: cerrado | G135: 1 | H135: 46242.02 | I135: 46242.371 | J135: 8.4 | K135: 24 | L135: si
A136: 135 | B136: La página tarda en cargar | C136: incidente | D136: rendimiento | E136: alta | F136: abierto | G136: 1 | H136: 46250.561 | K136: 4 | L136: no
A137: 136 | B137: Registro duplicado | C137: incidente | D137: datos | E137: media | F137: cerrado | G137: 1 | H137: 46250.519 | I137: 46251.565 | J137: 25.1 | K137: 24 | L137: no
A138: 137 | B138: No puedo iniciar sesión | C138: incidente | D138: acceso | E138: alta | F138: cerrado | G138: 1 | H138: 46251.883 | I138: 46251.956 | J138: 1.8 | K138: 4 | L138: si
A139: 138 | B139: La página tarda en cargar | C139: incidente | D139: rendimiento | E139: alta | F139: cerrado | G139: 1 | H139: 46263.078 | I139: 46263.157 | J139: 1.9 | K139: 4 | L139: si
A140: 139 | B140: Se cae al generar reportes | C140: incidente | D140: rendimiento | E140: media | F140: cerrado | G140: 1 | H140: 46215.428 | I140: 46216.222 | J140: 19.1 | K140: 24 | L140: si
A141: 140 | B141: El reporte no cuadra | C141: incidente | D141: datos | E141: alta | F141: en_proceso | G141: 1 | H141: 46233.669 | K141: 4 | L141: no
A142: 141 | B142: No aparece un registro ingresado | C142: incidente | D142: datos | E142: baja | F142: cerrado | G142: 2 | H142: 46274.356 | I142: 46276.706 | J142: 56.4 | K142: 72 | L142: si
A143: 142 | B143: No aparece un registro ingresado | C143: incidente | D143: datos | E143: baja | F143: cerrado | G143: 1 | H143: 46263.334 | I143: 46266.221 | J143: 69.3 | K143: 72 | L143: si
A144: 143 | B144: Se cae al generar reportes | C144: incidente | D144: rendimiento | E144: media | F144: cerrado | G144: 2 | H144: 46247.298 | I144: 46247.708 | J144: 9.9 | K144: 24 | L144: si
A145: 144 | B145: Error al cargar archivo | C145: incidente | D145: error | E145: media | F145: cerrado | G145: 2 | H145: 46223.328 | I145: 46223.828 | J145: 12 | K145: 24 | L145: si
A146: 145 | B146: Error al cargar archivo | C146: incidente | D146: error | E146: media | F146: cerrado | G146: 1 | H146: 46215.176 | I146: 46216.149 | J146: 23.4 | K146: 24 | L146: si
A147: 146 | B147: Error 500 al guardar | C147: incidente | D147: error | E147: baja | F147: cerrado | G147: 2 | H147: 46261.49 | I147: 46264.335 | J147: 68.3 | K147: 72 | L147: si
A148: 147 | B148: Error 500 al guardar | C148: incidente | D148: error | E148: baja | F148: cerrado | G148: 1 | H148: 46254.437 | I148: 46255.458 | J148: 24.5 | K148: 72 | L148: si
A149: 148 | B149: Dónde veo mis casos | C149: requerimiento | D149: consulta | E149: media | F149: abierto | G149: 1 | H149: 46249.897 | K149: 24 | L149: no
A150: 149 | B150: Cómo cambiar mi correo | C150: requerimiento | D150: consulta | E150: baja | F150: cerrado | G150: 1 | H150: 46240.49 | I150: 46244.548 | J150: 97.4 | K150: 72 | L150: no
A151: 150 | B151: Se cae al generar reportes | C151: incidente | D151: rendimiento | E151: media | F151: cerrado | G151: 1 | H151: 46260.389 | I151: 46260.915 | J151: 12.6 | K151: 24 | L151: si
A152: 151 | B152: El sistema está lento | C152: incidente | D152: rendimiento | E152: media | F152: cerrado | G152: 1 | H152: 46264.637 | I152: 46265.29 | J152: 15.7 | K152: 24 | L152: si
A153: 152 | B153: Dónde veo mis casos | C153: requerimiento | D153: consulta | E153: media | F153: cerrado | G153: 1 | H153: 46260.124 | I153: 46261.376 | J153: 30.1 | K153: 24 | L153: no
A154: 153 | B154: Se cae al generar reportes | C154: incidente | D154: rendimiento | E154: baja | F154: cerrado | G154: 1 | H154: 46211.733 | I154: 46215.204 | J154: 83.3 | K154: 72 | L154: no
...

Sheet Instrucciones
B2: Cómo usar este archivo
B3: La hoja Datos tiene los tickets exportados de la API (tickets.csv). Para actualizarlos con datos nuevos:
B5: Opción A: pegar los datos (rápido)
B6: 1. Descarga https://mesa-ayuda-4wfr.onrender.com/reportes/tickets.csv
B7: 2. Ábrelo, copia todo desde la fila 2 y pégalo en la hoja Datos desde la celda A2 (mismas columnas, mismo orden).
B8: 3. El Dashboard se recalcula solo.
B10: Opción B: Power Query (lo que piden en las ofertas de datos)
B11: 1. En un libro nuevo: Datos > Obtener datos > Desde archivo > Desde texto/CSV > escoge tickets.csv.
B12: 2. En la ventana, pulsa Transformar datos para abrir el editor de Power Query.
B13: 3. Revisa los tipos de columna: creado_en y cerrado_en = Fecha y hora; horas_resolucion = Número decimal;
B14: si los decimales salen mal, cambia el tipo usando 'Usar configuración regional' > Inglés (Estados Unidos).
B15: 4. Agrega una columna: Agregar columna > Columna personalizada > nombre 'mes', fórmula: Date.ToText([creado_en], "yyyy-MM").
... B28: 4. Guarda como MesaAyuda.pbix y súbelo al repositorio junto con un pantallazo del tablero.
